Anomaly_ID,Customer_ID,Transaction_ID,CDR_IDs,IPDR_IDs,Scenario_Type,Difficulty,Source_Scope,Bank_Anomaly,CDR_Anomaly,IPDR_Anomaly,Amount_Anomaly,Time_Anomaly,Beneficiary_Anomaly,Velocity_Anomaly,Call_Anomaly,Device_Anomaly,Location_Anomaly,Network_Anomaly,Injected_Signals,Is_Suspicious
ANOM27C866A3E81,100003855,ATM25090668SV9T,,,ODD_HOUR_TRANSACTION,HARD,BANK_ONLY,1,0,0,0,1,0,0,0,0,0,0,Time,1
ANOM76AC04AC363,100004999,ATM250212Y09KMT,,,ODD_HOUR_TRANSACTION,MEDIUM,BANK_ONLY,1,0,0,0,1,0,0,0,0,0,0,Time,1
ANOMB00EC1CDA9B,100001388,TXN250110F4KZSE,,,AMOUNT_PLUS_NEW_BENEFICIARY,HARD,BANK_ONLY,1,0,0,1,0,1,0,0,0,0,0,Amount|Beneficiary,1
ANOMF912B3576FB,100002694,UPI2510166TRUK9,,,AMOUNT_VELOCITY_SPIKE,HARD,BANK_ONLY,1,0,0,0,0,0,1,0,0,0,0,Velocity,1
ANOME9393F29609,100003423,ATM250417X80P5D,,,NEW_BENEFICIARY,HARD,BANK_ONLY,1,0,0,0,0,1,0,0,0,0,0,Beneficiary,1
ANOM689643E3B32,100004078,ATM250405JXOC2Z,,,ODD_HOUR_TRANSACTION,HARD,BANK_ONLY,1,0,0,0,1,0,0,0,0,0,0,Time,1
ANOM1FA48E45513,100001489,UPI250327W1RAJM,,,AMOUNT_VELOCITY_SPIKE,HARD,BANK_ONLY,1,0,0,0,0,0,1,0,0,0,0,Velocity,1
ANOM2D5910B9943,100003603,ATM250223KQISNC,,,TRANSACTION_BURST,HARD,BANK_ONLY,1,0,0,0,0,0,1,0,0,0,0,Velocity,1
ANOM9D8B0F936DC,100002176,TXN251013T6EYLX,,,CUSTOMER_RELATIVE_AMOUNT_SPIKE,MEDIUM,BANK_ONLY,1,0,0,1,0,0,0,0,0,0,0,Amount,1
ANOM4BD1AC5AFBD,100002861,ATM250208ULAQHZ,,,AMOUNT_PLUS_NEW_BENEFICIARY,EASY,BANK_ONLY,1,0,0,1,0,1,0,0,0,0,0,Amount|Beneficiary,1
ANOM420F8F9EE3A,100003032,UPI250921ZLE70K,,,NEW_BENEFICIARY,MEDIUM,BANK_ONLY,1,0,0,0,0,1,0,0,0,0,0,Beneficiary,1
ANOM0C2E4122B38,100002111,ATM251015XCGT28,,,CUSTOMER_RELATIVE_AMOUNT_SPIKE,MEDIUM,BANK_ONLY,1,0,0,1,0,0,0,0,0,0,0,Amount,1
ANOM8449BC4E1A0,100002022,ATM2512126L5IVA,,,CUSTOMER_RELATIVE_AMOUNT_SPIKE,HARD,BANK_ONLY,1,0,0,1,0,0,0,0,0,0,0,Amount,1
ANOMAFB670707DF,100005548,TXN250801462BPN,,,CUSTOMER_RELATIVE_AMOUNT_SPIKE,HARD,BANK_ONLY,1,0,0,1,0,0,0,0,0,0,0,Amount,1
ANOM7653F2313BE,100006788,UPI250202NCQ4RG,,,ODD_HOUR_TRANSACTION,EASY,BANK_ONLY,1,0,0,0,1,0,0,0,0,0,0,Time,1
ANOMA23197C1C06,100001135,UPI2508184WBVX3,,,AMOUNT_PLUS_NEW_BENEFICIARY,EASY,BANK_ONLY,1,0,0,1,0,1,0,0,0,0,0,Amount|Beneficiary,1
ANOM2715D649143,100004195,TXN2506141FDQVX,,,ODD_HOUR_TRANSACTION,EASY,BANK_ONLY,1,0,0,0,1,0,0,0,0,0,0,Time,1
ANOM2C02C010518,100003859,UPI250113A55OU7,,,AMOUNT_VELOCITY_SPIKE,HARD,BANK_ONLY,1,0,0,0,0,0,1,0,0,0,0,Velocity,1
ANOM96358354D06,100001539,TXN250112UQQN61,,,NEW_BENEFICIARY,EASY,BANK_ONLY,1,0,0,0,0,1,0,0,0,0,0,Beneficiary,1
ANOM4182ECEDDCD,100000096,TXN2502058EBBVQ,,,CUSTOMER_RELATIVE_AMOUNT_SPIKE,EASY,BANK_ONLY,1,0,0,1,0,0,0,0,0,0,0,Amount,1
ANOM2418BAE018A,100000449,UPI250325CH023B,,,NEW_BENEFICIARY,HARD,BANK_ONLY,1,0,0,0,0,1,0,0,0,0,0,Beneficiary,1
ANOMDE1EBBABD97,100001601,ATM25033085L26P,,,AMOUNT_PLUS_NEW_BENEFICIARY,MEDIUM,BANK_ONLY,1,0,0,1,0,1,0,0,0,0,0,Amount|Beneficiary,1
ANOMA61AE4E9D01,100005419,TXN25071637B7CQ,,,ODD_HOUR_TRANSACTION,EASY,BANK_ONLY,1,0,0,0,1,0,0,0,0,0,0,Time,1
ANOM33DAD5737B7,100002067,IMPS250823BA3VJR,,,AMOUNT_PLUS_NEW_BENEFICIARY,HARD,BANK_ONLY,1,0,0,1,0,1,0,0,0,0,0,Amount|Beneficiary,1
ANOMCB2F9A1D218,100003102,IMPS25011118GAVF,,,AMOUNT_PLUS_NEW_BENEFICIARY,MEDIUM,BANK_ONLY,1,0,0,1,0,1,0,0,0,0,0,Amount|Beneficiary,1
ANOM209973597F2,100002112,TXN250816YV3Z3X,CDR202600065762,,UNUSUAL_CALL_BEFORE_TRANSACTION,EASY,BANK_CDR,0,1,0,0,0,0,0,1,0,0,0,Call,1
ANOM910DABA47EB,100003883,UPI250315FUH1Z5,CDR202600084672,,UNUSUAL_CALL_BEFORE_TRANSACTION,HARD,BANK_CDR,0,1,0,0,0,0,0,1,0,0,0,Call,1
ANOMB8170BDF57D,100001243,IMPS250417HTKQSU,CDR202600030220,,CALL_THEN_HIGH_VALUE_TRANSFER,EASY,BANK_CDR,1,1,0,1,0,0,0,1,0,0,0,Amount|Call,1
ANOMAA7F4F39189,100001233,UPI250503GOHRXI,CDR202600043716,,UNUSUAL_CALL_BEFORE_TRANSACTION,EASY,BANK_CDR,0,1,0,0,0,0,0,1,0,0,0,Call,1
ANOM01E3B9BFAC9,100002888,ATM250629OE6DX6,CDR202600043262,,UNUSUAL_CALL_BEFORE_TRANSACTION,EASY,BANK_CDR,0,1,0,0,0,0,0,1,0,0,0,Call,1
ANOMED312475B2C,100003751,UPI250731FSX3H7,CDR202600061773,,CALL_THEN_NEW_BENEFICIARY,MEDIUM,BANK_CDR,1,1,0,0,0,1,0,1,0,0,0,Call|Beneficiary,1
ANOM1ACC335D56F,100002083,UPI250702ALWC2A,CDR202600055421,,CALL_THEN_NEW_BENEFICIARY,MEDIUM,BANK_CDR,1,1,0,0,0,1,0,1,0,0,0,Call|Beneficiary,1
ANOMB9E97A57718,100001967,UPI25021742SPC5,CDR202600045933,,CALL_THEN_HIGH_VALUE_TRANSFER,MEDIUM,BANK_CDR,1,1,0,1,0,0,0,1,0,0,0,Amount|Call,1
ANOMAC220123627,100005280,UPI2512260FEDAV,CDR202600049714,,UNUSUAL_CALL_BEFORE_TRANSACTION,EASY,BANK_CDR,0,1,0,0,0,0,0,1,0,0,0,Call,1
ANOMD09881B7EF1,100000589,ATM251128V0OP4W,CDR202600000239,,REPEATED_CALLS_BEFORE_TRANSACTION,MEDIUM,BANK_CDR,0,1,0,0,0,0,0,1,0,0,0,Call,1
ANOMB25244B655D,100006937,TXN250727AWC7KE,CDR202600081106,,REPEATED_CALLS_BEFORE_TRANSACTION,EASY,BANK_CDR,0,1,0,0,0,0,0,1,0,0,0,Call,1
ANOM988270C0502,100003031,ATM2501044L2E4F,CDR202600000347,,REPEATED_CALLS_BEFORE_TRANSACTION,MEDIUM,BANK_CDR,0,1,0,0,0,0,0,1,0,0,0,Call,1
ANOMB0D7DBC8B9D,100006403,ATM250410UCORGO,CDR202600066763,,CALL_THEN_HIGH_VALUE_TRANSFER,HARD,BANK_CDR,1,1,0,1,0,0,0,1,0,0,0,Amount|Call,1
ANOME39A0AA0409,100002655,UPI250521CTJGQP,CDR202600082605,,CALL_THEN_HIGH_VALUE_TRANSFER,EASY,BANK_CDR,1,1,0,1,0,0,0,1,0,0,0,Amount|Call,1
ANOMB34328CBF72,100002590,UPI250521XB9QKK,CDR202600048872,,UNUSUAL_CALL_BEFORE_TRANSACTION,MEDIUM,BANK_CDR,0,1,0,0,0,0,0,1,0,0,0,Call,1
ANOM2217BC88F76,100005370,TXN2510138TGLK2,CDR202600013708,,UNUSUAL_CALL_BEFORE_TRANSACTION,HARD,BANK_CDR,0,1,0,0,0,0,0,1,0,0,0,Call,1
ANOMB3B2F200CE5,100006288,ATM2510261B07CJ,CDR202600040423,,UNUSUAL_CALL_BEFORE_TRANSACTION,EASY,BANK_CDR,0,1,0,0,0,0,0,1,0,0,0,Call,1
ANOM4CECF6DB929,100005129,TXN250112FKKPD4,CDR202600023538,,CALL_THEN_NEW_BENEFICIARY,HARD,BANK_CDR,1,1,0,0,0,1,0,1,0,0,0,Call|Beneficiary,1
ANOM2C2FBE9E01F,100000846,ATM2512262NKAX8,CDR202600058448,,CALL_THEN_NEW_BENEFICIARY,HARD,BANK_CDR,1,1,0,0,0,1,0,1,0,0,0,Call|Beneficiary,1
ANOMEAEC7A39E3D,100006241,ATM250612075M0Q,CDR202600087173,,UNUSUAL_CALL_BEFORE_TRANSACTION,MEDIUM,BANK_CDR,0,1,0,0,0,0,0,1,0,0,0,Call,1
ANOM8FBD72E48D6,100002053,TXN250811YJKZ1G,CDR202600011266,,REPEATED_CALLS_BEFORE_TRANSACTION,HARD,BANK_CDR,0,1,0,0,0,0,0,1,0,0,0,Call,1
ANOMCD409729D00,100006261,ATM25112612QB3E,CDR202600032641,,CALL_THEN_HIGH_VALUE_TRANSFER,HARD,BANK_CDR,1,1,0,1,0,0,0,1,0,0,0,Amount|Call,1
ANOMFB2906C1ED4,100001516,UPI250130EXG8TR,CDR202600046735,,UNUSUAL_CALL_BEFORE_TRANSACTION,EASY,BANK_CDR,0,1,0,0,0,0,0,1,0,0,0,Call,1
ANOM87C5DAC0846,100004491,TXN2502144HOEBE,CDR202600056804,,UNUSUAL_CALL_BEFORE_TRANSACTION,HARD,BANK_CDR,0,1,0,0,0,0,0,1,0,0,0,Call,1
ANOM105329B3EA0,100002699,UPI2511146IJAZ0,CDR202600027125,,CALL_THEN_NEW_BENEFICIARY,HARD,BANK_CDR,1,1,0,0,0,1,0,1,0,0,0,Call|Beneficiary,1
ANOM8D35B0B1478,100004411,ATM2501145903KL,CDR202600025314,,REPEATED_CALLS_BEFORE_TRANSACTION,EASY,BANK_CDR,0,1,0,0,0,0,0,1,0,0,0,Call,1
ANOM6ED023AB016,100002377,ATM2506217LSH1A,CDR202600016589,,CALL_THEN_HIGH_VALUE_TRANSFER,MEDIUM,BANK_CDR,1,1,0,1,0,0,0,1,0,0,0,Amount|Call,1
ANOM1D15A480B1D,100006152,TXN251014LOIX2Q,CDR202600015967,,CALL_THEN_NEW_BENEFICIARY,EASY,BANK_CDR,1,1,0,0,0,1,0,1,0,0,0,Call|Beneficiary,1
ANOMF0C29B39D32,100000942,IMPS250516QN6CKG,CDR202600073966,,CALL_THEN_NEW_BENEFICIARY,EASY,BANK_CDR,1,1,0,0,0,1,0,1,0,0,0,Call|Beneficiary,1
ANOMECBF15B81A1,100006405,IMPS250201I2K3WO,CDR202600083972,,CALL_THEN_NEW_BENEFICIARY,HARD,BANK_CDR,1,1,0,0,0,1,0,1,0,0,0,Call|Beneficiary,1
ANOM79BEE1CB1B0,100006981,UPI250310PDLLE1,CDR202600024056,IPDR202600043313|IPDR202600086301,NETWORK_SESSION_BURST_AROUND_TRANSACTION,HARD,BANK_CDR_IPDR,0,0,1,0,0,0,0,0,0,0,1,Network,1
ANOM6A171C2E4D0,100001808,TXN2503091PM563,CDR202600059043,IPDR202600105881,UNUSUAL_LOCATION_CONTEXT,HARD,BANK_CDR_IPDR,0,1,1,0,0,0,0,0,0,1,0,Location,1
ANOMB86321DD89B,100006686,TXN251007LLPRPJ,CDR202600008319,IPDR202600033872|IPDR202600075404|IPDR202600094671,SUBTLE_MULTI_SOURCE_SUSPICIOUS_PATTERN,MEDIUM,BANK_CDR_IPDR,1,1,1,1,1,1,0,1,1,1,1,Network|Device|Beneficiary|Time|Call|Amount|Location,1
ANOM04DB1A0DC51,100002446,ATM250204VTNYYM,CDR202600044001,IPDR202600123414,NETWORK_SESSION_BURST_AROUND_TRANSACTION,HARD,BANK_CDR_IPDR,0,0,1,0,0,0,0,0,0,0,1,Network,1
ANOME4318B09DF1,100001171,UPI251128Q7QXHC,CDR202600079156,IPDR202600028848,IMSI_IMEI_PAIR_NOVELTY,MEDIUM,BANK_CDR_IPDR,0,1,1,0,0,0,0,0,1,0,0,Device,1
ANOM6D59720261F,100005711,TXN250930RXPN51,CDR202600014278,IPDR202600037685,NETWORK_SESSION_BURST_AROUND_TRANSACTION,MEDIUM,BANK_CDR_IPDR,0,0,1,0,0,0,0,0,0,0,1,Network,1
ANOMD0AFA2355F1,100006261,UPI250107G1KVR6,CDR202600039895,IPDR202600042206|IPDR202600091483,NETWORK_SESSION_BURST_AROUND_TRANSACTION,HARD,BANK_CDR_IPDR,0,0,1,0,0,0,0,0,0,0,1,Network,1
ANOM8A8FB8D79B9,100000355,UPI250321AS7NHZ,CDR202600023710,IPDR202600124207,SUBTLE_MULTI_SOURCE_SUSPICIOUS_PATTERN,HARD,BANK_CDR_IPDR,1,1,1,1,1,1,0,1,1,1,1,Network|Device|Beneficiary|Time|Call|Amount|Location,1
ANOM22A6B736F9E,100004621,UPI251017LSQT43,CDR202600023852,IPDR202600003063|IPDR202600111247|IPDR202600125729,UNUSUAL_LOCATION_CONTEXT,EASY,BANK_CDR_IPDR,0,1,1,0,0,0,0,0,0,1,0,Location,1
ANOMBD52D3BDD3E,100006663,ATM250325YAZ26A,CDR202600026140,IPDR202600004864,NEW_DEVICE_AROUND_TRANSACTION,EASY,BANK_CDR_IPDR,0,1,1,0,0,0,0,0,1,0,0,Device,1
ANOM5A9175A33E0,100000095,ATM251117EOS0YP,CDR202600000744,IPDR202600120971,NETWORK_SESSION_BURST_AROUND_TRANSACTION,HARD,BANK_CDR_IPDR,0,0,1,0,0,0,0,0,0,0,1,Network,1
ANOM0E1CC28AE11,100002661,UPI250423DTD7ON,CDR202600037024,IPDR202600145469,UNUSUAL_LOCATION_CONTEXT,HARD,BANK_CDR_IPDR,0,1,1,0,0,0,0,0,0,1,0,Location,1
ANOM2A4042B2F63,100005139,IMPS250120TA57AG,CDR202600082790,IPDR202600090138|IPDR202600105262|IPDR202600136449,NEW_DEVICE_AROUND_TRANSACTION,HARD,BANK_CDR_IPDR,0,1,1,0,0,0,0,0,1,0,0,Device,1
ANOM5AC8D97D0CC,100004076,TXN2506022NKO6X,CDR202600020018,IPDR202600116794,NETWORK_SESSION_BURST_AROUND_TRANSACTION,MEDIUM,BANK_CDR_IPDR,0,0,1,0,0,0,0,0,0,0,1,Network,1
ANOM7E57B0EE0E6,100000859,ATM250201MQFEEY,CDR202600003087,IPDR202600015310,SUBTLE_MULTI_SOURCE_SUSPICIOUS_PATTERN,MEDIUM,BANK_CDR_IPDR,1,1,1,1,1,1,0,1,1,1,1,Network|Device|Beneficiary|Time|Call|Amount|Location,1
ANOMB3900943EF7,100006525,ATM250128S41TPC,CDR202600067091,IPDR202600010679|IPDR202600011384|IPDR202600020485,UNUSUAL_LOCATION_CONTEXT,MEDIUM,BANK_CDR_IPDR,0,1,1,0,0,0,0,0,0,1,0,Location,1
ANOM00FCE314F96,100003350,UPI250523CAZ4XA,CDR202600049427,IPDR202600069837,NEW_DEVICE_AROUND_TRANSACTION,MEDIUM,BANK_CDR_IPDR,0,1,1,0,0,0,0,0,1,0,0,Device,1
ANOM143A52216EE,100005270,ATM25110925W6YQ,CDR202600036135,IPDR202600004960|IPDR202600127509,SUBTLE_MULTI_SOURCE_SUSPICIOUS_PATTERN,HARD,BANK_CDR_IPDR,1,1,1,1,1,1,0,1,1,1,1,Network|Device|Beneficiary|Time|Call|Amount|Location,1
ANOM0B68BDCCDA3,100006049,ATM2501066F7761,CDR202600018380,IPDR202600014832|IPDR202600047394|IPDR202600054321,UNUSUAL_LOCATION_CONTEXT,MEDIUM,BANK_CDR_IPDR,0,1,1,0,0,0,0,0,0,1,0,Location,1
ANOM78AFB13787F,100000875,IMPS251124MKROI4,CDR202600089973,IPDR202600062549|IPDR202600078365|IPDR202600079782,NETWORK_SESSION_BURST_AROUND_TRANSACTION,MEDIUM,BANK_CDR_IPDR,0,0,1,0,0,0,0,0,0,0,1,Network,1
ANOM5904EA9AA4D,100006312,ATM250502SMSNDS,CDR202600057248,IPDR202600026884,SUBTLE_MULTI_SOURCE_SUSPICIOUS_PATTERN,HARD,BANK_CDR_IPDR,1,1,1,1,1,1,0,1,1,1,1,Network|Device|Beneficiary|Time|Call|Amount|Location,1
ANOM395903B8C5E,100003535,ATM250619MIDQ1F,CDR202600016645,IPDR202600103453,NEW_DEVICE_AROUND_TRANSACTION,MEDIUM,BANK_CDR_IPDR,0,1,1,0,0,0,0,0,1,0,0,Device,1
ANOM47B6C7BA9C6,100000048,UPI251207W4CDO0,CDR202600075541,IPDR202600081125|IPDR202600097707|IPDR202600109873,NEW_DEVICE_AROUND_TRANSACTION,EASY,BANK_CDR_IPDR,0,1,1,0,0,0,0,0,1,0,0,Device,1
ANOM2A803659399,100006780,UPI250309AJEFZR,CDR202600029636,IPDR202600063741|IPDR202600109133,NETWORK_SESSION_BURST_AROUND_TRANSACTION,HARD,BANK_CDR_IPDR,0,0,1,0,0,0,0,0,0,0,1,Network,1
ANOMDE1760E1238,100002666,ATM250418TCGHFY,CDR202600026034,IPDR202600089035|IPDR202600104218,SUBTLE_MULTI_SOURCE_SUSPICIOUS_PATTERN,MEDIUM,BANK_CDR_IPDR,1,1,1,1,1,1,0,1,1,1,1,Network|Device|Beneficiary|Time|Call|Amount|Location,1
ANOM3243884AE2F,100006576,UPI250504VQP6ZA,CDR202600032653,IPDR202600001864|IPDR202600102416,IMSI_IMEI_PAIR_NOVELTY,MEDIUM,BANK_CDR_IPDR,0,1,1,0,0,0,0,0,1,0,0,Device,1
ANOM4CEA0EAD45C,100003421,ATM250411N1Q3W2,CDR202600031763,IPDR202600098657|IPDR202600136281,NETWORK_SESSION_BURST_AROUND_TRANSACTION,MEDIUM,BANK_CDR_IPDR,0,0,1,0,0,0,0,0,0,0,1,Network,1
ANOMFE46FB658FE,100001075,UPI250309TEEHKR,CDR202600039692,IPDR202600120390,IMSI_IMEI_PAIR_NOVELTY,HARD,BANK_CDR_IPDR,0,1,1,0,0,0,0,0,1,0,0,Device,1
ANOME303F1A0CAA,100006522,ATM250817P84V53,CDR202600007393,IPDR202600015688|IPDR202600069565,UNUSUAL_LOCATION_CONTEXT,HARD,BANK_CDR_IPDR,0,1,1,0,0,0,0,0,0,1,0,Location,1
ANOMAC29CE83444,100005476,TXN2501080X0TAT,CDR202600032141,IPDR202600055682|IPDR202600122220|IPDR202600130279,SUBTLE_MULTI_SOURCE_SUSPICIOUS_PATTERN,MEDIUM,BANK_CDR_IPDR,1,1,1,1,1,1,0,1,1,1,1,Network|Device|Beneficiary|Time|Call|Amount|Location,1
ANOM7C7B5DB857F,100005938,UPI2501158QBA3J,CDR202600069951,IPDR202600092834,NETWORK_SESSION_BURST_AROUND_TRANSACTION,EASY,BANK_CDR_IPDR,0,0,1,0,0,0,0,0,0,0,1,Network,1
ANOM9ED2C3F06CE,100006561,ATM2508137LKYOP,CDR202600051745,IPDR202600055536,UNUSUAL_LOCATION_CONTEXT,HARD,BANK_CDR_IPDR,0,1,1,0,0,0,0,0,0,1,0,Location,1
ANOM5A6B7361648,100005181,UPI251227YU9C92,CDR202600013667,IPDR202600006419,IMSI_IMEI_PAIR_NOVELTY,HARD,BANK_CDR_IPDR,0,1,1,0,0,0,0,0,1,0,0,Device,1
ANOM2E1591C6589,100001060,ATM2505095WSZWK,CDR202600085683,IPDR202600013355,IMSI_IMEI_PAIR_NOVELTY,MEDIUM,BANK_CDR_IPDR,0,1,1,0,0,0,0,0,1,0,0,Device,1
ANOM3B7F0EF0A70,100004407,UPI250418CWY2Z4,CDR202600068981,IPDR202600028368,NETWORK_SESSION_BURST_AROUND_TRANSACTION,EASY,BANK_CDR_IPDR,0,0,1,0,0,0,0,0,0,0,1,Network,1
ANOMA57F1AD8D28,100006949,UPI250609O1XD6H,CDR202600015464,IPDR202600044229,NETWORK_SESSION_BURST_AROUND_TRANSACTION,HARD,BANK_CDR_IPDR,0,0,1,0,0,0,0,0,0,0,1,Network,1
ANOMB3647D98830,100004962,ATM2502155TPY6M,CDR202600065179,IPDR202600026758|IPDR202600145278,UNUSUAL_LOCATION_CONTEXT,EASY,BANK_CDR_IPDR,0,1,1,0,0,0,0,0,0,1,0,Location,1
ANOM70B8CDE02F1,100006063,ATM251124ATM8A9,CDR202600058895,IPDR202600028586|IPDR202600113167,IMSI_IMEI_PAIR_NOVELTY,HARD,BANK_CDR_IPDR,0,1,1,0,0,0,0,0,1,0,0,Device,1
ANOM9EF63394A12,100002850,IMPS250520OKAT2H,CDR202600074457,IPDR202600103225,SUBTLE_MULTI_SOURCE_SUSPICIOUS_PATTERN,MEDIUM,BANK_CDR_IPDR,1,1,1,1,1,1,0,1,1,1,1,Network|Device|Beneficiary|Time|Call|Amount|Location,1
ANOM728923F2E56,100002117,TXN250324T5WAHG,CDR202600083993,IPDR202600011077|IPDR202600044999,NETWORK_SESSION_BURST_AROUND_TRANSACTION,HARD,BANK_CDR_IPDR,0,0,1,0,0,0,0,0,0,0,1,Network,1
ANOMFF943D7A211,100003295,ATM25072933DISY,CDR202600084598,IPDR202600037266,UNUSUAL_LOCATION_CONTEXT,MEDIUM,BANK_CDR_IPDR,0,1,1,0,0,0,0,0,0,1,0,Location,1
ANOM3114F02FD90,100002640,TXN250423A0MI02,CDR202600037180,IPDR202600129911|IPDR202600134411,NEW_DEVICE_AROUND_TRANSACTION,MEDIUM,BANK_CDR_IPDR,0,1,1,0,0,0,0,0,1,0,0,Device,1
ANOMAFBA40A8B13,100001202,TXN250929R1QANB,CDR202600005492,IPDR202600118385,NEW_DEVICE_AROUND_TRANSACTION,MEDIUM,BANK_CDR_IPDR,0,1,1,0,0,0,0,0,1,0,0,Device,1
ANOM5ADA6B2E0A5,100006110,ATM250819ZWJ52L,CDR202600003799,IPDR202600001267|IPDR202600020907,NEW_DEVICE_AROUND_TRANSACTION,MEDIUM,BANK_CDR_IPDR,0,1,1,0,0,0,0,0,1,0,0,Device,1
ANOMAF5A32EBCFD,100001065,TXN250406PNVE4X,CDR202600047418,IPDR202600137642,UNUSUAL_LOCATION_CONTEXT,MEDIUM,BANK_CDR_IPDR,0,1,1,0,0,0,0,0,0,1,0,Location,1
