Transaction_ID,CDR_ID,Link_Confidence,Link_Type
TXN_00001591,CDR_00000613,0.953,ENTITY
TXN_00000923,CDR_00001748,0.89,ENTITY
TXN_00001894,CDR_00004552,0.917,GEO_SPATIAL
TXN_00000654,CDR_00000718,0.937,TEMPORAL
TXN_00000144,CDR_00004595,0.913,GEO_SPATIAL
TXN_00000907,CDR_00003444,0.833,TEMPORAL
TXN_00000396,CDR_00003131,0.739,ENTITY
TXN_00000838,CDR_00003909,0.988,ENTITY
TXN_00001957,CDR_00001479,0.904,ENTITY
TXN_00001691,CDR_00003897,0.712,GEO_SPATIAL
TXN_00000675,CDR_00000704,0.895,TEMPORAL
TXN_00001862,CDR_00001845,0.868,ENTITY
TXN_00001683,CDR_00002295,0.882,ENTITY
TXN_00001372,CDR_00004074,0.717,TEMPORAL
TXN_00000892,CDR_00004038,0.951,GEO_SPATIAL
TXN_00001942,CDR_00000143,0.962,GEO_SPATIAL
TXN_00000006,CDR_00003030,0.74,ENTITY
TXN_00001159,CDR_00000107,0.738,ENTITY
TXN_00000753,CDR_00003417,0.999,TEMPORAL
TXN_00001762,CDR_00003828,0.722,ENTITY
TXN_00000648,CDR_00005368,0.965,ENTITY
TXN_00001880,CDR_00000818,0.909,GEO_SPATIAL
TXN_00000443,CDR_00005177,0.861,ENTITY
TXN_00001764,CDR_00002667,0.751,ENTITY
TXN_00001034,CDR_00005110,0.855,ENTITY
TXN_00001374,CDR_00000247,0.802,TEMPORAL
TXN_00001168,CDR_00002556,0.821,TEMPORAL
TXN_00000011,CDR_00000714,0.927,TEMPORAL
TXN_00000697,CDR_00000602,0.981,GEO_SPATIAL
TXN_00001306,CDR_00005808,0.894,ENTITY
TXN_00001425,CDR_00000377,0.884,GEO_SPATIAL
TXN_00000684,CDR_00004102,0.775,TEMPORAL
TXN_00000441,CDR_00004833,0.818,TEMPORAL
TXN_00001715,CDR_00001210,0.745,TEMPORAL
TXN_00000647,CDR_00003421,0.842,ENTITY
TXN_00001574,CDR_00004854,0.926,ENTITY
TXN_00001747,CDR_00003458,0.872,GEO_SPATIAL
TXN_00000733,CDR_00004970,0.802,ENTITY
TXN_00000266,CDR_00005453,0.766,ENTITY
TXN_00001027,CDR_00005947,0.965,TEMPORAL
TXN_00001254,CDR_00002963,0.779,GEO_SPATIAL
TXN_00000388,CDR_00002764,0.768,ENTITY
TXN_00001902,CDR_00002516,0.907,TEMPORAL
TXN_00000597,CDR_00004941,0.9,TEMPORAL
TXN_00000272,CDR_00003208,0.723,ENTITY
TXN_00001134,CDR_00005563,0.814,TEMPORAL
TXN_00000126,CDR_00000735,0.923,ENTITY
TXN_00000094,CDR_00004903,0.755,TEMPORAL
TXN_00001922,CDR_00003456,0.736,GEO_SPATIAL
TXN_00000324,CDR_00005522,0.888,ENTITY
TXN_00001431,CDR_00005036,0.843,ENTITY
TXN_00000686,CDR_00004378,0.737,ENTITY
TXN_00001105,CDR_00002842,0.881,GEO_SPATIAL
TXN_00000085,CDR_00005087,0.792,ENTITY
TXN_00001813,CDR_00003264,0.754,GEO_SPATIAL
TXN_00000852,CDR_00003984,0.856,ENTITY
TXN_00001860,CDR_00000350,0.912,TEMPORAL
TXN_00000124,CDR_00002198,0.917,ENTITY
TXN_00001427,CDR_00003347,0.748,TEMPORAL
TXN_00000447,CDR_00004137,0.859,GEO_SPATIAL
TXN_00001317,CDR_00000863,0.907,ENTITY
TXN_00001285,CDR_00003200,0.856,GEO_SPATIAL
TXN_00001888,CDR_00002075,0.846,TEMPORAL
TXN_00001594,CDR_00004478,0.762,ENTITY
TXN_00001203,CDR_00003382,0.833,ENTITY
TXN_00001547,CDR_00005894,0.705,TEMPORAL
TXN_00001973,CDR_00003733,0.926,ENTITY
TXN_00000773,CDR_00005247,0.963,GEO_SPATIAL
TXN_00000012,CDR_00003923,0.831,GEO_SPATIAL
TXN_00000510,CDR_00005853,0.862,GEO_SPATIAL
TXN_00001405,CDR_00004448,0.842,TEMPORAL
TXN_00001175,CDR_00005625,0.89,TEMPORAL
TXN_00000768,CDR_00000557,0.767,ENTITY
TXN_00001207,CDR_00000470,0.989,ENTITY
TXN_00000600,CDR_00002377,0.878,ENTITY
TXN_00000421,CDR_00001714,0.964,ENTITY
TXN_00000845,CDR_00000052,0.731,TEMPORAL
TXN_00000769,CDR_00000327,0.958,GEO_SPATIAL
TXN_00001622,CDR_00000264,0.95,TEMPORAL
TXN_00001517,CDR_00003230,0.923,ENTITY
TXN_00001293,CDR_00003573,0.98,TEMPORAL
TXN_00001097,CDR_00004738,0.832,GEO_SPATIAL
TXN_00000306,CDR_00005742,0.893,GEO_SPATIAL
TXN_00001176,CDR_00003747,0.877,TEMPORAL
TXN_00000594,CDR_00005510,0.802,ENTITY
TXN_00001939,CDR_00004127,0.815,TEMPORAL
TXN_00001640,CDR_00003280,0.999,TEMPORAL
TXN_00000754,CDR_00004411,0.852,ENTITY
TXN_00000181,CDR_00003475,0.768,ENTITY
TXN_00000325,CDR_00004739,0.768,TEMPORAL
TXN_00000036,CDR_00002979,0.827,ENTITY
TXN_00000221,CDR_00004456,0.823,GEO_SPATIAL
TXN_00000248,CDR_00002333,0.918,GEO_SPATIAL
TXN_00001228,CDR_00005447,0.92,TEMPORAL
TXN_00001459,CDR_00003576,0.74,TEMPORAL
TXN_00001182,CDR_00002094,0.724,ENTITY
TXN_00001837,CDR_00005226,0.729,GEO_SPATIAL
TXN_00000026,CDR_00004160,0.712,ENTITY
TXN_00000958,CDR_00001054,0.778,GEO_SPATIAL
TXN_00000014,CDR_00002043,0.96,TEMPORAL
TXN_00000330,CDR_00003466,0.877,ENTITY
TXN_00001650,CDR_00005352,0.958,TEMPORAL
TXN_00000888,CDR_00001596,0.794,ENTITY
TXN_00001075,CDR_00003503,0.873,GEO_SPATIAL
TXN_00000886,CDR_00001828,0.766,GEO_SPATIAL
TXN_00000537,CDR_00001608,0.963,GEO_SPATIAL
TXN_00001204,CDR_00002841,0.81,TEMPORAL
TXN_00001990,CDR_00000164,0.836,ENTITY
TXN_00000267,CDR_00000518,0.899,TEMPORAL
TXN_00000551,CDR_00005887,0.983,TEMPORAL
TXN_00001975,CDR_00001967,0.987,TEMPORAL
TXN_00000866,CDR_00001766,0.851,TEMPORAL
TXN_00000991,CDR_00001341,0.807,ENTITY
TXN_00001917,CDR_00001866,0.962,ENTITY
TXN_00000153,CDR_00001051,0.847,GEO_SPATIAL
TXN_00001870,CDR_00001768,0.988,GEO_SPATIAL
TXN_00001685,CDR_00001733,0.901,TEMPORAL
TXN_00000964,CDR_00005007,0.906,GEO_SPATIAL
TXN_00000744,CDR_00004652,0.874,GEO_SPATIAL
TXN_00001259,CDR_00004817,0.84,TEMPORAL
TXN_00000211,CDR_00003795,0.769,ENTITY
TXN_00000683,CDR_00002223,0.938,TEMPORAL
TXN_00001181,CDR_00005355,0.71,TEMPORAL
TXN_00001923,CDR_00001595,0.874,ENTITY
TXN_00001435,CDR_00003851,0.709,TEMPORAL
TXN_00001421,CDR_00000018,0.819,ENTITY
TXN_00000180,CDR_00002161,0.937,GEO_SPATIAL
TXN_00001538,CDR_00004027,0.888,ENTITY
TXN_00001940,CDR_00005327,0.715,GEO_SPATIAL
TXN_00001252,CDR_00002289,0.989,TEMPORAL
TXN_00001560,CDR_00004445,0.931,ENTITY
TXN_00001984,CDR_00001810,0.761,GEO_SPATIAL
TXN_00001150,CDR_00000496,0.712,GEO_SPATIAL
TXN_00001912,CDR_00000495,0.879,GEO_SPATIAL
TXN_00001083,CDR_00002282,0.73,ENTITY
TXN_00001707,CDR_00000240,0.885,GEO_SPATIAL
TXN_00001470,CDR_00002973,0.812,GEO_SPATIAL
TXN_00001454,CDR_00002260,0.758,TEMPORAL
TXN_00000740,CDR_00003391,0.819,TEMPORAL
TXN_00000073,CDR_00003886,0.939,TEMPORAL
TXN_00000478,CDR_00002231,0.815,ENTITY
TXN_00001382,CDR_00002672,0.862,GEO_SPATIAL
TXN_00000859,CDR_00002548,0.994,TEMPORAL
TXN_00001848,CDR_00003535,0.986,GEO_SPATIAL
TXN_00000427,CDR_00005107,0.75,ENTITY
TXN_00000413,CDR_00000206,0.706,ENTITY
TXN_00000295,CDR_00003872,0.769,ENTITY
TXN_00001044,CDR_00000413,0.87,ENTITY
TXN_00000613,CDR_00001396,0.759,GEO_SPATIAL
TXN_00001433,CDR_00000238,0.868,ENTITY
TXN_00000093,CDR_00005729,0.847,GEO_SPATIAL
TXN_00001235,CDR_00000910,0.888,TEMPORAL
TXN_00001292,CDR_00004387,0.809,TEMPORAL
TXN_00000623,CDR_00002591,0.892,ENTITY
TXN_00001337,CDR_00003267,0.729,ENTITY
TXN_00001780,CDR_00004035,0.841,TEMPORAL
TXN_00000743,CDR_00002565,0.825,TEMPORAL
TXN_00000087,CDR_00003305,0.948,TEMPORAL
TXN_00000499,CDR_00004802,0.732,GEO_SPATIAL
TXN_00001674,CDR_00005074,0.727,TEMPORAL
TXN_00001015,CDR_00003005,0.703,TEMPORAL
TXN_00001030,CDR_00002041,0.844,TEMPORAL
TXN_00001448,CDR_00003218,0.721,ENTITY
TXN_00000178,CDR_00000492,0.88,ENTITY
TXN_00000843,CDR_00004254,0.863,TEMPORAL
TXN_00001341,CDR_00005448,0.811,TEMPORAL
TXN_00001163,CDR_00001462,0.926,ENTITY
TXN_00001186,CDR_00005818,0.903,GEO_SPATIAL
TXN_00000175,CDR_00002046,0.814,ENTITY
TXN_00001007,CDR_00003506,0.76,GEO_SPATIAL
TXN_00000765,CDR_00001719,0.701,ENTITY
TXN_00001672,CDR_00004212,0.972,ENTITY
TXN_00000818,CDR_00000157,0.903,GEO_SPATIAL
TXN_00000893,CDR_00000318,0.882,GEO_SPATIAL
TXN_00000490,CDR_00003486,0.939,GEO_SPATIAL
TXN_00001370,CDR_00005477,0.783,GEO_SPATIAL
TXN_00000999,CDR_00000667,0.753,GEO_SPATIAL
TXN_00001926,CDR_00004640,0.975,ENTITY
TXN_00000694,CDR_00000588,0.969,GEO_SPATIAL
TXN_00001466,CDR_00005871,0.706,ENTITY
TXN_00000297,CDR_00001325,0.969,ENTITY
TXN_00000986,CDR_00001205,0.967,ENTITY
TXN_00001055,CDR_00002812,0.882,ENTITY
TXN_00001550,CDR_00000656,0.867,ENTITY
TXN_00000284,CDR_00003447,0.928,TEMPORAL
TXN_00001147,CDR_00003307,0.787,TEMPORAL
TXN_00000393,CDR_00003415,0.997,TEMPORAL
TXN_00001727,CDR_00002732,0.819,ENTITY
TXN_00000082,CDR_00000412,0.717,TEMPORAL
TXN_00001638,CDR_00004246,0.807,ENTITY
TXN_00000456,CDR_00004173,0.977,ENTITY
TXN_00000803,CDR_00001452,0.802,ENTITY
TXN_00001284,CDR_00003780,0.721,TEMPORAL
TXN_00001238,CDR_00004186,0.738,GEO_SPATIAL
TXN_00001413,CDR_00000892,0.869,GEO_SPATIAL
TXN_00000587,CDR_00003479,0.963,ENTITY
TXN_00000739,CDR_00004067,0.706,GEO_SPATIAL
TXN_00000168,CDR_00002144,0.703,TEMPORAL
TXN_00000477,CDR_00002146,0.926,GEO_SPATIAL
TXN_00001066,CDR_00000103,0.779,ENTITY
TXN_00001113,CDR_00005427,0.75,GEO_SPATIAL
TXN_00000131,CDR_00000661,0.946,TEMPORAL
TXN_00000095,CDR_00002574,0.951,GEO_SPATIAL
TXN_00000842,CDR_00000788,0.919,GEO_SPATIAL
TXN_00000660,CDR_00000584,0.74,GEO_SPATIAL
TXN_00001720,CDR_00002262,0.793,ENTITY
TXN_00000482,CDR_00002773,0.862,TEMPORAL
TXN_00000702,CDR_00005213,0.88,ENTITY
TXN_00000320,CDR_00000006,0.802,GEO_SPATIAL
TXN_00000375,CDR_00002116,0.949,TEMPORAL
TXN_00001070,CDR_00000095,0.926,GEO_SPATIAL
TXN_00001655,CDR_00002315,0.707,TEMPORAL
TXN_00000331,CDR_00002284,0.974,GEO_SPATIAL
TXN_00000302,CDR_00005171,0.936,TEMPORAL
TXN_00000198,CDR_00001936,0.789,ENTITY
TXN_00000356,CDR_00005605,0.711,GEO_SPATIAL
TXN_00000367,CDR_00000096,0.964,ENTITY
TXN_00000589,CDR_00001113,0.898,TEMPORAL
TXN_00000804,CDR_00004407,0.939,GEO_SPATIAL
TXN_00001303,CDR_00004612,0.949,ENTITY
TXN_00001979,CDR_00001659,0.914,ENTITY
TXN_00001210,CDR_00001982,0.73,TEMPORAL
TXN_00001029,CDR_00005462,0.762,ENTITY
TXN_00000775,CDR_00003885,0.73,TEMPORAL
TXN_00000442,CDR_00000112,0.937,TEMPORAL
TXN_00001019,CDR_00000256,0.729,GEO_SPATIAL
TXN_00001272,CDR_00004867,0.843,TEMPORAL
TXN_00001548,CDR_00002566,0.918,GEO_SPATIAL
TXN_00000570,CDR_00005754,0.822,GEO_SPATIAL
TXN_00000734,CDR_00001742,0.899,ENTITY
TXN_00001224,CDR_00005558,0.787,GEO_SPATIAL
TXN_00000939,CDR_00004820,0.853,GEO_SPATIAL
TXN_00000634,CDR_00005103,0.734,TEMPORAL
TXN_00001183,CDR_00004348,0.736,GEO_SPATIAL
TXN_00000498,CDR_00001495,0.779,ENTITY
TXN_00000357,CDR_00001998,0.958,ENTITY
TXN_00001799,CDR_00000279,0.756,TEMPORAL
TXN_00000289,CDR_00000251,0.754,ENTITY
TXN_00001390,CDR_00001759,0.945,GEO_SPATIAL
TXN_00001192,CDR_00000673,0.929,GEO_SPATIAL
TXN_00001663,CDR_00004542,0.744,GEO_SPATIAL
TXN_00000678,CDR_00005499,0.988,ENTITY
TXN_00000858,CDR_00004194,0.74,ENTITY
TXN_00000615,CDR_00004273,0.884,TEMPORAL
TXN_00000996,CDR_00002014,0.755,GEO_SPATIAL
TXN_00000874,CDR_00002466,0.757,ENTITY
TXN_00000639,CDR_00004177,0.828,ENTITY
TXN_00001211,CDR_00005456,0.89,TEMPORAL
TXN_00000492,CDR_00005439,0.99,TEMPORAL
TXN_00000081,CDR_00000630,0.736,TEMPORAL
TXN_00001670,CDR_00004954,0.766,TEMPORAL
TXN_00001653,CDR_00002354,0.975,TEMPORAL
TXN_00000638,CDR_00001720,0.916,TEMPORAL
TXN_00001456,CDR_00002487,0.784,GEO_SPATIAL
TXN_00001811,CDR_00000647,0.738,GEO_SPATIAL
TXN_00000292,CDR_00003403,0.94,GEO_SPATIAL
TXN_00000021,CDR_00003587,0.885,GEO_SPATIAL
TXN_00000118,CDR_00002856,0.971,ENTITY
TXN_00000360,CDR_00005148,0.961,TEMPORAL
TXN_00001836,CDR_00003782,0.985,GEO_SPATIAL
TXN_00000872,CDR_00001085,0.983,ENTITY
TXN_00001061,CDR_00000078,0.911,TEMPORAL
TXN_00001497,CDR_00001658,0.965,ENTITY
TXN_00000783,CDR_00004015,0.905,GEO_SPATIAL
TXN_00000167,CDR_00003908,0.827,ENTITY
TXN_00000909,CDR_00005383,0.941,TEMPORAL
TXN_00000241,CDR_00000638,0.742,GEO_SPATIAL
TXN_00000927,CDR_00002740,0.793,GEO_SPATIAL
TXN_00000973,CDR_00005652,0.911,TEMPORAL
TXN_00000914,CDR_00002300,0.998,GEO_SPATIAL
TXN_00000906,CDR_00003130,0.907,GEO_SPATIAL
TXN_00001914,CDR_00000440,0.788,ENTITY
TXN_00001267,CDR_00002302,0.888,ENTITY
TXN_00001439,CDR_00003684,0.739,TEMPORAL
TXN_00000098,CDR_00005769,0.936,TEMPORAL
TXN_00000177,CDR_00005452,0.77,TEMPORAL
TXN_00001527,CDR_00003665,0.952,GEO_SPATIAL
TXN_00001758,CDR_00000439,0.966,ENTITY
TXN_00001022,CDR_00005670,0.978,GEO_SPATIAL
TXN_00001265,CDR_00001853,0.995,ENTITY
TXN_00001523,CDR_00003735,0.788,TEMPORAL
TXN_00001711,CDR_00002906,0.938,GEO_SPATIAL
TXN_00000761,CDR_00005113,0.83,ENTITY
TXN_00000106,CDR_00005736,0.837,ENTITY
TXN_00000521,CDR_00002067,0.989,ENTITY
TXN_00000774,CDR_00003926,0.771,ENTITY
TXN_00000899,CDR_00005369,0.759,GEO_SPATIAL
TXN_00001477,CDR_00005786,0.943,GEO_SPATIAL
TXN_00000705,CDR_00003893,0.967,TEMPORAL
TXN_00000693,CDR_00005568,0.924,TEMPORAL
TXN_00001260,CDR_00004451,0.8,TEMPORAL
TXN_00000777,CDR_00002301,0.817,ENTITY
TXN_00000436,CDR_00003575,0.757,GEO_SPATIAL
TXN_00000314,CDR_00005584,0.97,ENTITY
TXN_00000711,CDR_00003642,0.972,TEMPORAL
TXN_00001087,CDR_00005820,0.799,GEO_SPATIAL
TXN_00000896,CDR_00002749,0.84,GEO_SPATIAL
TXN_00001103,CDR_00002819,0.814,TEMPORAL
TXN_00001760,CDR_00003728,0.897,TEMPORAL
TXN_00000037,CDR_00004741,0.763,ENTITY
TXN_00001364,CDR_00000219,0.976,TEMPORAL
TXN_00000974,CDR_00001960,0.758,TEMPORAL
TXN_00001441,CDR_00002994,0.928,GEO_SPATIAL
TXN_00001603,CDR_00004209,0.98,ENTITY
TXN_00000512,CDR_00001639,0.93,ENTITY
TXN_00000233,CDR_00005691,0.875,TEMPORAL
TXN_00000440,CDR_00000619,0.865,TEMPORAL
TXN_00001304,CDR_00005228,0.95,GEO_SPATIAL
TXN_00000731,CDR_00003669,0.967,TEMPORAL
TXN_00001468,CDR_00004906,0.8,ENTITY
TXN_00001955,CDR_00004530,0.772,GEO_SPATIAL
TXN_00001535,CDR_00001262,0.724,GEO_SPATIAL
TXN_00001507,CDR_00002326,0.919,GEO_SPATIAL
TXN_00000501,CDR_00003958,0.982,TEMPORAL
TXN_00001359,CDR_00002519,0.855,ENTITY
TXN_00000305,CDR_00005293,0.859,TEMPORAL
TXN_00001687,CDR_00005231,0.964,TEMPORAL
TXN_00001073,CDR_00004982,0.704,ENTITY
TXN_00001308,CDR_00002298,0.786,ENTITY
TXN_00000567,CDR_00001538,0.888,ENTITY
TXN_00001480,CDR_00005176,0.873,GEO_SPATIAL
TXN_00000196,CDR_00000140,0.704,ENTITY
TXN_00000405,CDR_00002483,0.836,TEMPORAL
TXN_00000588,CDR_00003688,0.816,TEMPORAL
TXN_00000689,CDR_00001425,0.772,GEO_SPATIAL
TXN_00000553,CDR_00004851,0.952,TEMPORAL
TXN_00001793,CDR_00001465,0.939,ENTITY
TXN_00000084,CDR_00002726,0.846,ENTITY
TXN_00001458,CDR_00003943,0.975,TEMPORAL
TXN_00000791,CDR_00001916,0.788,GEO_SPATIAL
TXN_00000377,CDR_00004711,0.891,ENTITY
TXN_00001461,CDR_00003525,0.94,GEO_SPATIAL
TXN_00001581,CDR_00002366,0.868,TEMPORAL
TXN_00000042,CDR_00003274,0.884,ENTITY
TXN_00000486,CDR_00001050,0.809,GEO_SPATIAL
TXN_00001781,CDR_00002884,0.727,GEO_SPATIAL
TXN_00001883,CDR_00003854,0.952,GEO_SPATIAL
TXN_00000959,CDR_00004044,0.839,GEO_SPATIAL
TXN_00001383,CDR_00001287,0.861,ENTITY
TXN_00001072,CDR_00001532,0.811,ENTITY
TXN_00001502,CDR_00005635,0.828,TEMPORAL
TXN_00001607,CDR_00001309,0.8,ENTITY
TXN_00000894,CDR_00002724,0.728,GEO_SPATIAL
TXN_00000814,CDR_00002096,0.777,TEMPORAL
TXN_00001800,CDR_00004709,0.921,ENTITY
TXN_00000970,CDR_00001591,0.987,TEMPORAL
TXN_00001423,CDR_00005564,0.79,TEMPORAL
TXN_00001082,CDR_00002976,0.796,GEO_SPATIAL
TXN_00001229,CDR_00003015,0.906,GEO_SPATIAL
TXN_00001646,CDR_00002370,0.723,ENTITY
TXN_00001639,CDR_00002420,0.996,TEMPORAL
TXN_00000439,CDR_00003983,0.818,GEO_SPATIAL
TXN_00001155,CDR_00002076,0.927,ENTITY
TXN_00001377,CDR_00002512,0.804,TEMPORAL
TXN_00000531,CDR_00003474,0.93,ENTITY
TXN_00001074,CDR_00000348,0.87,ENTITY
TXN_00001767,CDR_00005739,0.776,ENTITY
TXN_00000824,CDR_00004450,0.706,ENTITY
TXN_00000434,CDR_00000554,0.961,TEMPORAL
TXN_00001078,CDR_00003236,0.806,GEO_SPATIAL
TXN_00001376,CDR_00002820,0.868,ENTITY
TXN_00000635,CDR_00001804,0.763,TEMPORAL
TXN_00000961,CDR_00001353,0.974,TEMPORAL
TXN_00000497,CDR_00001456,0.725,GEO_SPATIAL
TXN_00001654,CDR_00004466,0.8,TEMPORAL
TXN_00001816,CDR_00004788,0.801,GEO_SPATIAL
TXN_00001328,CDR_00004998,0.796,TEMPORAL
TXN_00000140,CDR_00001045,0.79,ENTITY
TXN_00001903,CDR_00005474,0.915,TEMPORAL
TXN_00000286,CDR_00004983,0.964,GEO_SPATIAL
TXN_00001861,CDR_00004120,0.942,ENTITY
TXN_00000013,CDR_00004292,0.825,ENTITY
TXN_00001137,CDR_00002416,0.707,TEMPORAL
TXN_00001287,CDR_00005916,0.778,TEMPORAL
TXN_00000889,CDR_00005131,0.802,GEO_SPATIAL
TXN_00000794,CDR_00003167,0.996,TEMPORAL
TXN_00001371,CDR_00004940,0.886,GEO_SPATIAL
TXN_00000412,CDR_00003155,0.798,ENTITY
TXN_00001678,CDR_00005501,0.801,GEO_SPATIAL
TXN_00001871,CDR_00001771,0.769,ENTITY
TXN_00000628,CDR_00002662,0.724,ENTITY
TXN_00001580,CDR_00000882,0.825,ENTITY
TXN_00001520,CDR_00002534,0.761,ENTITY
TXN_00000725,CDR_00000757,0.821,GEO_SPATIAL
TXN_00000603,CDR_00003852,0.774,ENTITY
TXN_00000757,CDR_00000928,0.997,TEMPORAL
TXN_00000350,CDR_00003057,0.979,GEO_SPATIAL
TXN_00001982,CDR_00005430,0.826,ENTITY
TXN_00001832,CDR_00003157,0.924,ENTITY
TXN_00000494,CDR_00003406,0.85,GEO_SPATIAL
TXN_00000423,CDR_00003690,0.857,TEMPORAL
TXN_00001288,CDR_00002375,0.838,TEMPORAL
TXN_00000254,CDR_00002164,0.967,ENTITY
TXN_00001141,CDR_00000274,0.996,TEMPORAL
TXN_00001561,CDR_00002020,0.758,GEO_SPATIAL
TXN_00000895,CDR_00001515,0.901,GEO_SPATIAL
TXN_00000751,CDR_00005065,0.788,GEO_SPATIAL
TXN_00001582,CDR_00001078,0.863,GEO_SPATIAL
TXN_00001513,CDR_00001018,0.917,ENTITY
TXN_00001770,CDR_00005880,0.748,ENTITY
TXN_00001981,CDR_00005009,0.932,TEMPORAL
TXN_00001170,CDR_00000040,0.901,TEMPORAL
TXN_00001995,CDR_00002533,0.827,ENTITY
TXN_00000293,CDR_00004452,0.796,TEMPORAL
TXN_00001346,CDR_00004280,0.898,TEMPORAL
TXN_00001198,CDR_00003138,0.789,TEMPORAL
TXN_00001169,CDR_00001245,0.729,GEO_SPATIAL
TXN_00000201,CDR_00002517,0.745,GEO_SPATIAL
TXN_00001120,CDR_00001337,0.958,TEMPORAL
TXN_00001021,CDR_00001522,0.71,ENTITY
TXN_00001537,CDR_00002311,0.958,ENTITY
TXN_00001992,CDR_00003873,0.857,TEMPORAL
TXN_00001486,CDR_00002541,0.992,TEMPORAL
TXN_00000681,CDR_00003988,0.834,TEMPORAL
TXN_00001028,CDR_00002417,0.768,GEO_SPATIAL
TXN_00000752,CDR_00002478,0.939,ENTITY
TXN_00001844,CDR_00004187,0.894,TEMPORAL
TXN_00001629,CDR_00002889,0.969,TEMPORAL
TXN_00001329,CDR_00004907,0.709,TEMPORAL
TXN_00001521,CDR_00002297,0.979,ENTITY
TXN_00001872,CDR_00002772,0.825,GEO_SPATIAL
TXN_00000715,CDR_00003784,0.83,GEO_SPATIAL
TXN_00000980,CDR_00001376,0.714,GEO_SPATIAL
TXN_00000032,CDR_00004184,0.982,ENTITY
TXN_00000296,CDR_00001068,0.988,TEMPORAL
TXN_00000030,CDR_00005863,0.868,GEO_SPATIAL
TXN_00000552,CDR_00003031,0.956,ENTITY
TXN_00000832,CDR_00005241,0.932,ENTITY
TXN_00000321,CDR_00000610,0.806,ENTITY
TXN_00001790,CDR_00005556,0.996,TEMPORAL
TXN_00000481,CDR_00002851,0.759,ENTITY
TXN_00001395,CDR_00005388,0.787,GEO_SPATIAL
TXN_00001814,CDR_00000409,0.873,GEO_SPATIAL
TXN_00001776,CDR_00005827,0.818,ENTITY
TXN_00000235,CDR_00000221,0.871,GEO_SPATIAL
TXN_00001314,CDR_00003965,0.883,GEO_SPATIAL
TXN_00000209,CDR_00004100,0.775,TEMPORAL
TXN_00000834,CDR_00000919,0.886,ENTITY
TXN_00001430,CDR_00001576,0.874,ENTITY
TXN_00000617,CDR_00003414,0.92,TEMPORAL
TXN_00001281,CDR_00000700,0.885,GEO_SPATIAL
TXN_00000575,CDR_00001536,0.76,ENTITY
TXN_00001216,CDR_00003275,0.829,GEO_SPATIAL
TXN_00001246,CDR_00005313,0.993,ENTITY
TXN_00001084,CDR_00001616,0.986,GEO_SPATIAL
TXN_00001031,CDR_00000483,0.826,TEMPORAL
TXN_00001642,CDR_00004955,0.892,TEMPORAL
TXN_00001153,CDR_00004908,0.998,TEMPORAL
TXN_00001701,CDR_00005193,0.766,TEMPORAL
TXN_00000627,CDR_00003662,0.827,GEO_SPATIAL
TXN_00001491,CDR_00003176,0.882,GEO_SPATIAL
TXN_00000641,CDR_00005937,0.707,ENTITY
TXN_00001516,CDR_00000963,0.814,ENTITY
TXN_00000950,CDR_00002597,0.867,TEMPORAL
TXN_00001815,CDR_00000640,0.772,GEO_SPATIAL
TXN_00000223,CDR_00000176,0.738,GEO_SPATIAL
TXN_00000489,CDR_00000872,0.704,TEMPORAL
TXN_00000419,CDR_00005053,0.717,ENTITY
TXN_00001300,CDR_00001239,0.933,TEMPORAL
TXN_00001624,CDR_00005398,0.867,GEO_SPATIAL
TXN_00000508,CDR_00000097,0.779,TEMPORAL
TXN_00000083,CDR_00005952,0.802,TEMPORAL
TXN_00001162,CDR_00000721,0.713,TEMPORAL
TXN_00001249,CDR_00001323,0.919,TEMPORAL
TXN_00000933,CDR_00000920,0.993,TEMPORAL
TXN_00000397,CDR_00001196,0.825,GEO_SPATIAL
TXN_00000323,CDR_00001137,0.979,GEO_SPATIAL
TXN_00001440,CDR_00005278,0.943,GEO_SPATIAL
TXN_00001943,CDR_00000855,0.842,ENTITY
TXN_00000408,CDR_00002496,0.988,GEO_SPATIAL
TXN_00001361,CDR_00003339,0.905,ENTITY
TXN_00001919,CDR_00002473,0.793,GEO_SPATIAL
TXN_00001274,CDR_00004683,0.906,TEMPORAL
TXN_00001222,CDR_00004644,0.852,GEO_SPATIAL
TXN_00000801,CDR_00005161,0.973,GEO_SPATIAL
TXN_00000867,CDR_00002412,0.958,ENTITY
TXN_00001630,CDR_00001990,0.98,TEMPORAL
TXN_00000461,CDR_00005654,0.783,GEO_SPATIAL
TXN_00000345,CDR_00003099,0.934,TEMPORAL
TXN_00001276,CDR_00003938,0.901,ENTITY
TXN_00001543,CDR_00002511,0.987,TEMPORAL
TXN_00001093,CDR_00003888,0.829,ENTITY
TXN_00000690,CDR_00005417,0.916,TEMPORAL
TXN_00001689,CDR_00000696,0.862,TEMPORAL
TXN_00000174,CDR_00003073,0.838,ENTITY
TXN_00000982,CDR_00003437,0.857,ENTITY
TXN_00000326,CDR_00005899,0.993,ENTITY
TXN_00001821,CDR_00001480,0.978,ENTITY
TXN_00000763,CDR_00002261,0.877,TEMPORAL
TXN_00001488,CDR_00002371,0.757,TEMPORAL
TXN_00000256,CDR_00000612,0.704,TEMPORAL
TXN_00000680,CDR_00005972,0.705,TEMPORAL
TXN_00001385,CDR_00000751,0.728,ENTITY
TXN_00000677,CDR_00000485,0.936,TEMPORAL
TXN_00001601,CDR_00005470,0.786,GEO_SPATIAL
TXN_00001227,CDR_00002640,0.887,GEO_SPATIAL
TXN_00000965,CDR_00000742,0.846,GEO_SPATIAL
TXN_00000938,CDR_00002265,0.993,GEO_SPATIAL
TXN_00001178,CDR_00000125,0.723,GEO_SPATIAL
TXN_00000720,CDR_00002863,0.886,GEO_SPATIAL
TXN_00001941,CDR_00005257,0.87,GEO_SPATIAL
TXN_00001636,CDR_00002500,0.743,ENTITY
TXN_00000061,CDR_00000930,0.933,TEMPORAL
TXN_00000850,CDR_00004677,0.953,TEMPORAL
TXN_00001237,CDR_00002523,0.95,GEO_SPATIAL
TXN_00000253,CDR_00005875,0.791,ENTITY
TXN_00001768,CDR_00004470,0.77,TEMPORAL
TXN_00000926,CDR_00002171,0.985,GEO_SPATIAL
TXN_00000527,CDR_00002977,0.753,GEO_SPATIAL
TXN_00001644,CDR_00000201,0.917,TEMPORAL
TXN_00000532,CDR_00004553,0.876,GEO_SPATIAL
TXN_00000064,CDR_00000723,0.964,GEO_SPATIAL
TXN_00001193,CDR_00002227,0.84,ENTITY
TXN_00000992,CDR_00003659,0.965,ENTITY
TXN_00000049,CDR_00003246,0.982,ENTITY
TXN_00001954,CDR_00004028,0.883,ENTITY
TXN_00001786,CDR_00001155,0.783,GEO_SPATIAL
TXN_00000595,CDR_00003087,0.985,GEO_SPATIAL
TXN_00000113,CDR_00001169,0.977,TEMPORAL
TXN_00000649,CDR_00000444,0.954,GEO_SPATIAL
TXN_00001533,CDR_00000057,0.727,GEO_SPATIAL
TXN_00001493,CDR_00003614,0.95,TEMPORAL
TXN_00000146,CDR_00005262,0.719,TEMPORAL
TXN_00001208,CDR_00004878,0.874,TEMPORAL
TXN_00001998,CDR_00004220,0.843,TEMPORAL
TXN_00000967,CDR_00001470,0.921,TEMPORAL
TXN_00000341,CDR_00002288,0.705,GEO_SPATIAL
TXN_00000285,CDR_00000801,0.745,ENTITY
TXN_00000837,CDR_00002883,0.843,TEMPORAL
TXN_00001713,CDR_00005532,0.911,TEMPORAL
TXN_00000454,CDR_00002572,0.895,TEMPORAL
TXN_00000270,CDR_00000364,0.774,GEO_SPATIAL
TXN_00000631,CDR_00002106,0.761,GEO_SPATIAL
TXN_00001825,CDR_00000400,0.862,GEO_SPATIAL
TXN_00000024,CDR_00004680,0.91,ENTITY
TXN_00000354,CDR_00000442,0.984,TEMPORAL
TXN_00000609,CDR_00002971,0.951,GEO_SPATIAL
TXN_00000651,CDR_00001921,0.953,ENTITY
TXN_00001148,CDR_00004170,0.712,ENTITY
TXN_00001330,CDR_00000902,0.919,TEMPORAL
TXN_00000546,CDR_00001575,0.885,ENTITY
TXN_00000143,CDR_00005852,0.795,TEMPORAL
TXN_00001635,CDR_00001888,0.964,ENTITY
TXN_00000566,CDR_00001139,0.858,GEO_SPATIAL
TXN_00001403,CDR_00004733,0.856,GEO_SPATIAL
TXN_00001386,CDR_00003285,0.908,ENTITY
TXN_00000429,CDR_00001727,0.863,TEMPORAL
TXN_00001033,CDR_00005974,0.825,TEMPORAL
TXN_00001615,CDR_00003118,0.879,ENTITY
TXN_00001643,CDR_00003107,0.905,TEMPORAL
TXN_00000017,CDR_00003319,0.831,ENTITY
TXN_00001859,CDR_00002313,0.805,TEMPORAL
TXN_00000828,CDR_00003388,0.724,TEMPORAL
TXN_00000028,CDR_00003899,0.982,GEO_SPATIAL
TXN_00000755,CDR_00005602,0.931,GEO_SPATIAL
TXN_00000445,CDR_00004139,0.848,GEO_SPATIAL
TXN_00001490,CDR_00000716,0.846,ENTITY
TXN_00000025,CDR_00002778,0.777,GEO_SPATIAL
TXN_00000849,CDR_00000366,0.985,TEMPORAL
TXN_00000452,CDR_00004811,0.87,TEMPORAL
TXN_00001089,CDR_00001788,0.958,ENTITY
TXN_00001584,CDR_00000278,0.705,ENTITY
TXN_00000816,CDR_00000037,0.956,TEMPORAL
TXN_00000819,CDR_00002397,0.795,TEMPORAL
TXN_00000179,CDR_00004226,0.911,ENTITY
TXN_00001121,CDR_00005912,0.855,GEO_SPATIAL
TXN_00000540,CDR_00003746,0.75,GEO_SPATIAL
TXN_00000066,CDR_00001225,0.935,GEO_SPATIAL
TXN_00000116,CDR_00000316,0.966,GEO_SPATIAL
TXN_00001442,CDR_00005630,0.81,ENTITY
TXN_00000820,CDR_00003000,0.753,GEO_SPATIAL
TXN_00001804,CDR_00004146,0.791,ENTITY
TXN_00001675,CDR_00005497,0.821,TEMPORAL
TXN_00001910,CDR_00004937,0.771,GEO_SPATIAL
TXN_00001951,CDR_00003069,0.851,TEMPORAL
TXN_00001023,CDR_00001807,0.813,GEO_SPATIAL
TXN_00000971,CDR_00000092,0.928,TEMPORAL
TXN_00000827,CDR_00000271,0.807,ENTITY
TXN_00000979,CDR_00001413,0.725,TEMPORAL
TXN_00001191,CDR_00004338,0.799,GEO_SPATIAL
TXN_00000576,CDR_00000449,0.945,ENTITY
TXN_00001017,CDR_00001481,0.973,GEO_SPATIAL
TXN_00001619,CDR_00004114,0.825,ENTITY
TXN_00000995,CDR_00003040,0.944,ENTITY
TXN_00001908,CDR_00004844,0.88,TEMPORAL
TXN_00001849,CDR_00004221,0.854,ENTITY
TXN_00000507,CDR_00004972,0.709,GEO_SPATIAL
TXN_00000665,CDR_00000939,0.847,ENTITY
TXN_00001949,CDR_00003629,0.884,GEO_SPATIAL
TXN_00001088,CDR_00004790,0.76,TEMPORAL
TXN_00001253,CDR_00001567,0.778,ENTITY
TXN_00001139,CDR_00001946,0.776,TEMPORAL
TXN_00001526,CDR_00001694,0.732,ENTITY
TXN_00000366,CDR_00005988,0.724,TEMPORAL
TXN_00001327,CDR_00005660,0.711,ENTITY
TXN_00001200,CDR_00000879,0.854,ENTITY
TXN_00000737,CDR_00000127,0.896,TEMPORAL
TXN_00000346,CDR_00004420,0.872,TEMPORAL
TXN_00001716,CDR_00000528,0.858,ENTITY
TXN_00000023,CDR_00003621,0.73,GEO_SPATIAL
TXN_00001875,CDR_00002058,0.981,ENTITY
TXN_00001426,CDR_00002961,0.972,GEO_SPATIAL
TXN_00000225,CDR_00002782,0.994,GEO_SPATIAL
TXN_00000216,CDR_00001474,0.868,TEMPORAL
TXN_00000890,CDR_00003216,0.735,TEMPORAL
TXN_00000309,CDR_00004779,0.987,TEMPORAL
TXN_00000732,CDR_00001895,0.866,ENTITY
TXN_00001085,CDR_00002281,0.78,GEO_SPATIAL
TXN_00000963,CDR_00000481,0.986,ENTITY
TXN_00001294,CDR_00000854,0.754,GEO_SPATIAL
TXN_00000716,CDR_00002485,0.746,TEMPORAL
TXN_00001152,CDR_00004098,0.864,GEO_SPATIAL
TXN_00001063,CDR_00001176,0.76,ENTITY
TXN_00001165,CDR_00001173,0.986,GEO_SPATIAL
TXN_00000390,CDR_00004839,0.837,ENTITY
TXN_00000059,CDR_00001071,0.892,TEMPORAL
TXN_00001514,CDR_00004492,0.733,TEMPORAL
TXN_00000616,CDR_00000388,0.861,GEO_SPATIAL
TXN_00001219,CDR_00004633,0.95,ENTITY
TXN_00000394,CDR_00004488,0.703,ENTITY
TXN_00000812,CDR_00001162,0.901,ENTITY
TXN_00001828,CDR_00000753,0.904,TEMPORAL
TXN_00001769,CDR_00005519,0.912,TEMPORAL
TXN_00000875,CDR_00002173,0.818,GEO_SPATIAL
TXN_00000487,CDR_00002279,0.856,TEMPORAL
TXN_00000374,CDR_00004094,0.803,ENTITY
TXN_00000001,CDR_00005693,0.738,GEO_SPATIAL
TXN_00001985,CDR_00002558,0.965,GEO_SPATIAL
TXN_00000699,CDR_00000720,0.787,ENTITY
TXN_00000831,CDR_00001241,0.966,GEO_SPATIAL
TXN_00000464,CDR_00003132,0.968,ENTITY
TXN_00000721,CDR_00001055,0.898,ENTITY
TXN_00000096,CDR_00001444,0.882,TEMPORAL
TXN_00001647,CDR_00003615,0.993,ENTITY
TXN_00001258,CDR_00002946,0.738,GEO_SPATIAL
TXN_00001056,CDR_00003805,0.91,GEO_SPATIAL
TXN_00000910,CDR_00001911,0.972,TEMPORAL
TXN_00000504,CDR_00005807,0.899,ENTITY
TXN_00001666,CDR_00002005,0.843,TEMPORAL
TXN_00001761,CDR_00003338,0.964,GEO_SPATIAL
TXN_00001451,CDR_00000034,0.97,TEMPORAL
TXN_00000505,CDR_00001290,0.985,GEO_SPATIAL
TXN_00000344,CDR_00001297,0.795,TEMPORAL
TXN_00000450,CDR_00004063,0.769,GEO_SPATIAL
TXN_00000703,CDR_00000447,0.911,GEO_SPATIAL
TXN_00001569,CDR_00003635,0.861,GEO_SPATIAL
TXN_00001469,CDR_00002595,0.8,TEMPORAL
TXN_00001587,CDR_00002132,0.97,ENTITY
TXN_00001549,CDR_00005539,0.892,TEMPORAL
TXN_00001752,CDR_00002535,0.908,GEO_SPATIAL
TXN_00001863,CDR_00000943,0.733,ENTITY
TXN_00001462,CDR_00002358,0.825,TEMPORAL
TXN_00000138,CDR_00000151,0.867,TEMPORAL
TXN_00001126,CDR_00003470,0.749,ENTITY
TXN_00000550,CDR_00004155,0.825,GEO_SPATIAL
TXN_00000547,CDR_00004892,0.709,ENTITY
TXN_00001754,CDR_00001040,0.927,TEMPORAL
TXN_00000203,CDR_00000600,0.886,GEO_SPATIAL
TXN_00001609,CDR_00000814,0.885,ENTITY
TXN_00001414,CDR_00002127,0.884,GEO_SPATIAL
TXN_00000322,CDR_00002070,0.95,GEO_SPATIAL
TXN_00001104,CDR_00002798,0.854,GEO_SPATIAL
TXN_00001892,CDR_00004271,0.911,TEMPORAL
TXN_00000247,CDR_00000283,0.788,ENTITY
TXN_00000502,CDR_00001106,0.932,ENTITY
TXN_00001994,CDR_00001794,0.93,GEO_SPATIAL
TXN_00001988,CDR_00002907,0.725,GEO_SPATIAL
TXN_00001472,CDR_00003911,0.955,GEO_SPATIAL
TXN_00000977,CDR_00000234,0.737,GEO_SPATIAL
TXN_00000127,CDR_00002810,0.933,ENTITY
TXN_00001588,CDR_00003727,0.998,TEMPORAL
TXN_00000528,CDR_00001908,0.942,ENTITY
TXN_00000134,CDR_00005610,0.89,ENTITY
TXN_00000417,CDR_00003072,0.967,TEMPORAL
TXN_00001722,CDR_00004879,0.819,TEMPORAL
TXN_00000997,CDR_00003135,0.885,ENTITY
TXN_00001575,CDR_00000299,0.862,ENTITY
TXN_00000800,CDR_00001197,0.713,TEMPORAL
TXN_00000139,CDR_00003212,0.805,TEMPORAL
TXN_00001512,CDR_00005449,0.897,TEMPORAL
TXN_00001590,CDR_00005643,0.88,GEO_SPATIAL
TXN_00001504,CDR_00004685,0.971,ENTITY
TXN_00001422,CDR_00000255,0.854,TEMPORAL
TXN_00001726,CDR_00003866,0.84,TEMPORAL
TXN_00000361,CDR_00003678,0.72,ENTITY
TXN_00001681,CDR_00005089,0.877,TEMPORAL
TXN_00000425,CDR_00004581,0.975,GEO_SPATIAL
TXN_00001212,CDR_00003531,0.745,TEMPORAL
TXN_00000586,CDR_00004714,0.795,GEO_SPATIAL
TXN_00000920,CDR_00000609,0.774,ENTITY
TXN_00000604,CDR_00003401,0.862,GEO_SPATIAL
TXN_00000453,CDR_00005076,0.755,ENTITY
TXN_00001852,CDR_00001237,0.883,ENTITY
TXN_00001744,CDR_00004673,0.974,GEO_SPATIAL
TXN_00001792,CDR_00005623,0.891,TEMPORAL
TXN_00000038,CDR_00003604,0.933,GEO_SPATIAL
TXN_00001024,CDR_00005105,0.894,GEO_SPATIAL
TXN_00001135,CDR_00003199,0.715,GEO_SPATIAL
TXN_00000882,CDR_00002037,0.991,ENTITY
TXN_00000562,CDR_00002761,0.912,GEO_SPATIAL
TXN_00001733,CDR_00004062,0.827,ENTITY
TXN_00000033,CDR_00001268,0.958,TEMPORAL
TXN_00000451,CDR_00005858,0.96,GEO_SPATIAL
TXN_00001936,CDR_00004481,0.969,ENTITY
TXN_00000565,CDR_00000358,0.933,GEO_SPATIAL
TXN_00000432,CDR_00001058,0.989,ENTITY
TXN_00000760,CDR_00004781,0.709,ENTITY
TXN_00001396,CDR_00002602,0.867,ENTITY
TXN_00001796,CDR_00002530,0.987,GEO_SPATIAL
TXN_00001906,CDR_00000146,0.927,ENTITY
TXN_00001904,CDR_00002400,0.98,TEMPORAL
TXN_00001295,CDR_00002344,0.785,ENTITY
TXN_00000287,CDR_00003362,0.71,TEMPORAL
TXN_00001976,CDR_00005063,0.964,GEO_SPATIAL
TXN_00000661,CDR_00002880,0.831,GEO_SPATIAL
TXN_00001481,CDR_00001354,0.835,ENTITY
TXN_00000793,CDR_00004731,0.903,ENTITY
TXN_00001243,CDR_00000773,0.758,TEMPORAL
TXN_00001798,CDR_00003293,0.847,ENTITY
TXN_00000431,CDR_00003538,0.771,TEMPORAL
TXN_00001972,CDR_00001518,0.788,TEMPORAL
TXN_00001680,CDR_00004412,0.713,TEMPORAL
TXN_00001010,CDR_00005350,0.841,TEMPORAL
TXN_00000202,CDR_00003857,0.785,TEMPORAL
TXN_00001918,CDR_00002211,0.899,GEO_SPATIAL
TXN_00001054,CDR_00004084,0.746,GEO_SPATIAL
TXN_00000782,CDR_00004843,0.773,GEO_SPATIAL
TXN_00000900,CDR_00000036,0.702,ENTITY
TXN_00001573,CDR_00003303,0.859,TEMPORAL
TXN_00000291,CDR_00004436,0.757,ENTITY
TXN_00000658,CDR_00000280,0.866,ENTITY
TXN_00001223,CDR_00001835,0.742,GEO_SPATIAL
TXN_00000682,CDR_00001328,0.727,GEO_SPATIAL
TXN_00000245,CDR_00001426,0.732,ENTITY
TXN_00000240,CDR_00001831,0.904,ENTITY
TXN_00000195,CDR_00000022,0.801,TEMPORAL
TXN_00000746,CDR_00000575,0.981,ENTITY
TXN_00000176,CDR_00004757,0.903,ENTITY
TXN_00000903,CDR_00005755,0.914,GEO_SPATIAL
TXN_00001693,CDR_00004179,0.968,ENTITY
TXN_00001118,CDR_00003797,0.9,GEO_SPATIAL
TXN_00001352,CDR_00000450,0.999,ENTITY
TXN_00001983,CDR_00005885,0.712,ENTITY
TXN_00000466,CDR_00000465,0.997,GEO_SPATIAL
TXN_00001947,CDR_00002378,0.789,GEO_SPATIAL
TXN_00000813,CDR_00003691,0.942,GEO_SPATIAL
TXN_00000897,CDR_00002061,0.731,GEO_SPATIAL
TXN_00000557,CDR_00003079,0.901,GEO_SPATIAL
TXN_00001851,CDR_00005772,0.839,ENTITY
TXN_00001900,CDR_00001229,0.952,TEMPORAL
TXN_00000005,CDR_00001647,0.938,GEO_SPATIAL
TXN_00001751,CDR_00002723,0.737,TEMPORAL
TXN_00000637,CDR_00005198,0.951,ENTITY
TXN_00001864,CDR_00000021,0.909,GEO_SPATIAL
TXN_00001806,CDR_00002000,0.777,TEMPORAL
TXN_00001966,CDR_00003853,0.898,ENTITY
TXN_00000275,CDR_00001032,0.777,GEO_SPATIAL
TXN_00001311,CDR_00003048,0.751,TEMPORAL
TXN_00001596,CDR_00004785,0.954,ENTITY
TXN_00001280,CDR_00004600,0.775,GEO_SPATIAL
TXN_00001898,CDR_00003837,0.929,GEO_SPATIAL
TXN_00001777,CDR_00000591,0.96,ENTITY
TXN_00001901,CDR_00002437,0.789,TEMPORAL
TXN_00000887,CDR_00004061,0.774,GEO_SPATIAL
TXN_00000135,CDR_00000705,0.985,TEMPORAL
TXN_00001090,CDR_00005948,0.954,ENTITY
TXN_00000050,CDR_00004107,0.748,ENTITY
TXN_00000921,CDR_00001691,0.816,TEMPORAL
TXN_00000213,CDR_00004987,0.802,ENTITY
TXN_00001402,CDR_00003126,0.88,GEO_SPATIAL
TXN_00001684,CDR_00004257,0.763,TEMPORAL
TXN_00001449,CDR_00000787,0.973,TEMPORAL
TXN_00001803,CDR_00004400,0.937,TEMPORAL
TXN_00000227,CDR_00005319,0.969,GEO_SPATIAL
TXN_00000985,CDR_00004321,0.963,TEMPORAL
TXN_00000972,CDR_00004425,0.943,ENTITY
TXN_00001999,CDR_00004618,1.0,TEMPORAL
TXN_00000935,CDR_00001370,0.801,TEMPORAL
TXN_00001665,CDR_00001777,0.702,ENTITY
TXN_00000316,CDR_00004311,0.884,ENTITY
TXN_00001114,CDR_00001857,0.814,ENTITY
TXN_00000835,CDR_00002105,0.778,GEO_SPATIAL
TXN_00000730,CDR_00004095,0.978,ENTITY
TXN_00001585,CDR_00004818,0.989,ENTITY
TXN_00000559,CDR_00000663,0.826,ENTITY
TXN_00000071,CDR_00004632,0.932,TEMPORAL
TXN_00001247,CDR_00004070,0.75,TEMPORAL
TXN_00001009,CDR_00002668,0.941,ENTITY
TXN_00000018,CDR_00004446,0.987,TEMPORAL
TXN_00000717,CDR_00004661,0.76,ENTITY
TXN_00001143,CDR_00002029,0.719,TEMPORAL
TXN_00001407,CDR_00001378,0.744,GEO_SPATIAL
TXN_00000372,CDR_00004923,0.994,GEO_SPATIAL
TXN_00000579,CDR_00000905,0.844,ENTITY
TXN_00000601,CDR_00001531,0.746,GEO_SPATIAL
TXN_00000969,CDR_00005144,0.769,GEO_SPATIAL
TXN_00000122,CDR_00002853,0.729,ENTITY
TXN_00001151,CDR_00005353,0.763,ENTITY
TXN_00000319,CDR_00002777,0.829,TEMPORAL
TXN_00000371,CDR_00002637,0.809,TEMPORAL
TXN_00001213,CDR_00000581,0.834,TEMPORAL
TXN_00000476,CDR_00004560,0.747,ENTITY
TXN_00000905,CDR_00001776,0.804,ENTITY
TXN_00000224,CDR_00001728,0.82,ENTITY
TXN_00000727,CDR_00005844,0.938,TEMPORAL
TXN_00000602,CDR_00000989,0.92,ENTITY
TXN_00001511,CDR_00004306,0.858,TEMPORAL
TXN_00001333,CDR_00000582,0.716,GEO_SPATIAL
TXN_00001857,CDR_00005195,0.832,ENTITY
TXN_00000865,CDR_00002783,0.855,TEMPORAL
TXN_00001081,CDR_00000408,0.882,ENTITY
TXN_00000471,CDR_00001689,0.917,GEO_SPATIAL
TXN_00000055,CDR_00001803,0.994,TEMPORAL
TXN_00000931,CDR_00001837,0.837,TEMPORAL
TXN_00000805,CDR_00004501,0.891,ENTITY
TXN_00000671,CDR_00003835,0.862,GEO_SPATIAL
TXN_00001283,CDR_00001861,0.849,TEMPORAL
TXN_00000533,CDR_00001501,0.76,ENTITY
TXN_00000097,CDR_00004389,0.93,TEMPORAL
TXN_00000218,CDR_00005116,0.799,GEO_SPATIAL
TXN_00001018,CDR_00004946,0.715,GEO_SPATIAL
TXN_00000120,CDR_00002275,0.981,TEMPORAL
TXN_00000288,CDR_00005962,0.888,TEMPORAL
TXN_00001107,CDR_00002532,0.995,TEMPORAL
TXN_00001536,CDR_00005269,0.712,GEO_SPATIAL
TXN_00001350,CDR_00004417,0.979,GEO_SPATIAL
TXN_00000710,CDR_00004405,0.965,TEMPORAL
TXN_00000668,CDR_00001594,0.929,ENTITY
TXN_00000745,CDR_00005134,0.725,GEO_SPATIAL
TXN_00000954,CDR_00001455,0.751,TEMPORAL
TXN_00000349,CDR_00003753,0.913,GEO_SPATIAL
TXN_00000280,CDR_00000622,0.811,GEO_SPATIAL
TXN_00000056,CDR_00003231,0.809,GEO_SPATIAL
TXN_00000101,CDR_00005604,0.875,GEO_SPATIAL
TXN_00000446,CDR_00004668,0.863,ENTITY
TXN_00001845,CDR_00001182,0.776,ENTITY
TXN_00000568,CDR_00005967,0.894,ENTITY
TXN_00000409,CDR_00004427,0.744,ENTITY
TXN_00001746,CDR_00005035,0.81,ENTITY
TXN_00001930,CDR_00002180,0.96,GEO_SPATIAL
TXN_00000271,CDR_00000317,0.921,GEO_SPATIAL
TXN_00001434,CDR_00003605,0.901,GEO_SPATIAL
TXN_00001618,CDR_00004806,0.969,GEO_SPATIAL
TXN_00001179,CDR_00005218,0.954,TEMPORAL
TXN_00001220,CDR_00000399,0.703,GEO_SPATIAL
TXN_00001948,CDR_00001643,0.951,ENTITY
TXN_00000599,CDR_00004555,0.827,TEMPORAL
TXN_00000544,CDR_00004832,0.769,ENTITY
TXN_00000672,CDR_00001987,0.907,GEO_SPATIAL
TXN_00001817,CDR_00004477,0.841,ENTITY
TXN_00001893,CDR_00001336,0.804,GEO_SPATIAL
TXN_00000380,CDR_00002477,0.743,GEO_SPATIAL
TXN_00000584,CDR_00001764,0.995,TEMPORAL
TXN_00000555,CDR_00004415,0.949,GEO_SPATIAL
TXN_00001964,CDR_00000371,0.887,ENTITY
TXN_00000676,CDR_00002422,0.8,TEMPORAL
TXN_00000444,CDR_00003755,0.71,GEO_SPATIAL
TXN_00000455,CDR_00004249,0.742,GEO_SPATIAL
TXN_00000650,CDR_00003862,0.954,ENTITY
TXN_00000673,CDR_00002201,0.907,TEMPORAL
TXN_00000881,CDR_00001291,0.745,GEO_SPATIAL
TXN_00000796,CDR_00000590,0.978,ENTITY
TXN_00001794,CDR_00004222,0.956,TEMPORAL
TXN_00001831,CDR_00003341,0.904,GEO_SPATIAL
TXN_00000520,CDR_00001492,0.748,TEMPORAL
TXN_00000283,CDR_00005303,0.951,GEO_SPATIAL
TXN_00001734,CDR_00004547,0.776,TEMPORAL
TXN_00001410,CDR_00005580,0.783,TEMPORAL
TXN_00001714,CDR_00004433,0.959,ENTITY
TXN_00001351,CDR_00002702,0.799,ENTITY
TXN_00000708,CDR_00001429,0.744,ENTITY
TXN_00001160,CDR_00002467,0.958,TEMPORAL
TXN_00001757,CDR_00000175,0.766,GEO_SPATIAL
TXN_00000468,CDR_00000272,0.992,GEO_SPATIAL
TXN_00000210,CDR_00005767,0.758,ENTITY
TXN_00000987,CDR_00003996,0.798,GEO_SPATIAL
TXN_00001025,CDR_00004216,0.846,TEMPORAL
TXN_00000990,CDR_00004217,0.828,GEO_SPATIAL
TXN_00001529,CDR_00004318,0.934,GEO_SPATIAL
TXN_00000629,CDR_00005573,0.868,GEO_SPATIAL
TXN_00000088,CDR_00004231,0.953,GEO_SPATIAL
TXN_00001570,CDR_00005050,0.791,TEMPORAL
TXN_00001742,CDR_00004197,0.825,TEMPORAL
TXN_00001748,CDR_00005615,0.783,GEO_SPATIAL
TXN_00000418,CDR_00003378,0.799,GEO_SPATIAL
TXN_00000605,CDR_00001189,0.785,TEMPORAL
TXN_00001673,CDR_00001930,0.717,TEMPORAL
TXN_00000984,CDR_00003925,0.757,ENTITY
TXN_00000571,CDR_00002101,0.973,GEO_SPATIAL
TXN_00000491,CDR_00002970,0.881,GEO_SPATIAL
TXN_00000560,CDR_00001965,0.916,ENTITY
TXN_00000583,CDR_00001279,0.775,ENTITY
TXN_00001232,CDR_00003179,0.953,ENTITY
TXN_00001616,CDR_00005684,0.857,ENTITY
TXN_00000268,CDR_00003809,0.725,ENTITY
TXN_00000079,CDR_00003480,0.821,ENTITY
TXN_00001094,CDR_00005465,0.975,TEMPORAL
TXN_00001397,CDR_00001486,0.748,ENTITY
TXN_00000506,CDR_00004047,0.983,GEO_SPATIAL
TXN_00000776,CDR_00002409,0.907,TEMPORAL
TXN_00000472,CDR_00003302,0.792,TEMPORAL
TXN_00001307,CDR_00005980,0.75,GEO_SPATIAL
TXN_00001474,CDR_00000743,0.974,ENTITY
TXN_00000199,CDR_00005341,0.833,GEO_SPATIAL
TXN_00001530,CDR_00004984,0.779,GEO_SPATIAL
TXN_00001721,CDR_00002660,0.747,ENTITY
TXN_00000260,CDR_00002158,0.784,TEMPORAL
TXN_00000070,CDR_00000032,0.863,TEMPORAL
TXN_00001718,CDR_00003059,0.825,ENTITY
TXN_00001840,CDR_00004674,0.803,TEMPORAL
TXN_00000301,CDR_00000945,0.739,TEMPORAL
TXN_00000539,CDR_00000794,0.853,GEO_SPATIAL
TXN_00001067,CDR_00002343,0.703,GEO_SPATIAL
TXN_00000469,CDR_00004695,0.829,TEMPORAL
TXN_00001818,CDR_00002807,0.829,ENTITY
TXN_00001934,CDR_00002919,0.841,TEMPORAL
TXN_00000934,CDR_00002361,0.768,TEMPORAL
TXN_00000182,CDR_00002016,0.883,GEO_SPATIAL
TXN_00001571,CDR_00003003,0.703,GEO_SPATIAL
TXN_00001316,CDR_00000225,0.758,ENTITY
TXN_00001313,CDR_00001043,0.876,TEMPORAL
TXN_00001498,CDR_00002575,0.725,ENTITY
TXN_00001226,CDR_00000571,0.868,GEO_SPATIAL
TXN_00000206,CDR_00001499,0.955,ENTITY
TXN_00000090,CDR_00003258,0.796,GEO_SPATIAL
TXN_00000258,CDR_00001520,0.724,ENTITY
TXN_00000663,CDR_00003064,0.774,TEMPORAL
TXN_00000343,CDR_00004238,0.968,GEO_SPATIAL
TXN_00001921,CDR_00004562,0.927,TEMPORAL
TXN_00000165,CDR_00003062,0.886,ENTITY
TXN_00001487,CDR_00001088,0.775,GEO_SPATIAL
TXN_00001331,CDR_00001232,0.802,GEO_SPATIAL
TXN_00001343,CDR_00004305,0.883,GEO_SPATIAL
TXN_00001050,CDR_00002915,0.806,TEMPORAL
TXN_00000861,CDR_00000968,0.876,ENTITY
TXN_00001020,CDR_00001254,0.823,ENTITY
TXN_00000941,CDR_00002330,0.981,GEO_SPATIAL
TXN_00001830,CDR_00003560,0.868,TEMPORAL
TXN_00001013,CDR_00004914,0.876,ENTITY
TXN_00001241,CDR_00005987,0.727,GEO_SPATIAL
TXN_00001606,CDR_00000709,0.904,GEO_SPATIAL
TXN_00001698,CDR_00001031,0.853,TEMPORAL
TXN_00000459,CDR_00005265,0.93,ENTITY
TXN_00001626,CDR_00003582,0.969,GEO_SPATIAL
TXN_00000072,CDR_00005628,0.789,ENTITY
TXN_00000558,CDR_00000415,0.837,GEO_SPATIAL
TXN_00001558,CDR_00004375,0.777,GEO_SPATIAL
TXN_00001724,CDR_00005433,0.783,ENTITY
TXN_00001173,CDR_00002053,0.935,TEMPORAL
TXN_00001782,CDR_00000336,0.843,ENTITY
TXN_00000736,CDR_00003350,0.823,ENTITY
TXN_00001705,CDR_00002604,0.896,GEO_SPATIAL
TXN_00000335,CDR_00002197,0.836,GEO_SPATIAL
TXN_00000340,CDR_00002314,0.77,ENTITY
TXN_00001156,CDR_00004151,0.99,TEMPORAL
TXN_00000779,CDR_00000671,0.985,GEO_SPATIAL
TXN_00001436,CDR_00005544,0.822,TEMPORAL
TXN_00000149,CDR_00001213,0.997,TEMPORAL
TXN_00000197,CDR_00005255,0.892,TEMPORAL
TXN_00001068,CDR_00001632,0.865,TEMPORAL
TXN_00001882,CDR_00005889,0.951,GEO_SPATIAL
TXN_00001887,CDR_00001036,0.855,TEMPORAL
TXN_00000545,CDR_00004740,0.764,GEO_SPATIAL
TXN_00001003,CDR_00004167,0.842,GEO_SPATIAL
TXN_00000611,CDR_00004103,0.7,TEMPORAL
TXN_00001631,CDR_00005968,0.788,TEMPORAL
TXN_00001273,CDR_00002087,0.774,ENTITY
TXN_00000598,CDR_00000160,0.854,ENTITY
TXN_00001133,CDR_00005436,0.737,TEMPORAL
TXN_00000947,CDR_00003234,0.84,GEO_SPATIAL
TXN_00001686,CDR_00000081,0.821,ENTITY
TXN_00000384,CDR_00001854,0.871,TEMPORAL
TXN_00000669,CDR_00003670,0.833,ENTITY
TXN_00000726,CDR_00005616,0.781,GEO_SPATIAL
TXN_00000748,CDR_00004003,0.966,TEMPORAL
TXN_00000919,CDR_00000177,0.868,ENTITY
TXN_00000114,CDR_00001039,0.734,GEO_SPATIAL
TXN_00001991,CDR_00005653,0.711,GEO_SPATIAL
TXN_00000043,CDR_00004302,0.944,ENTITY
TXN_00001145,CDR_00000535,0.902,GEO_SPATIAL
TXN_00001745,CDR_00005406,0.806,ENTITY
TXN_00000000,CDR_00000129,0.785,GEO_SPATIAL
TXN_00001354,CDR_00004418,0.738,ENTITY
TXN_00000762,CDR_00000333,0.929,ENTITY
TXN_00000327,CDR_00001110,0.828,ENTITY
TXN_00001146,CDR_00002617,0.846,ENTITY
TXN_00001129,CDR_00002861,0.834,ENTITY
TXN_00001399,CDR_00003450,0.988,TEMPORAL
TXN_00001189,CDR_00005120,0.886,ENTITY
TXN_00000943,CDR_00000695,0.848,ENTITY
TXN_00000918,CDR_00000347,0.886,GEO_SPATIAL
TXN_00001339,CDR_00004887,1.0,TEMPORAL
TXN_00001694,CDR_00000324,0.779,GEO_SPATIAL
TXN_00000523,CDR_00003033,0.959,GEO_SPATIAL
TXN_00001620,CDR_00002902,0.783,GEO_SPATIAL
TXN_00000173,CDR_00000431,0.795,GEO_SPATIAL
TXN_00000806,CDR_00000526,0.739,ENTITY
TXN_00001556,CDR_00003183,0.765,ENTITY
TXN_00000257,CDR_00005876,0.771,TEMPORAL
TXN_00001595,CDR_00004956,0.956,TEMPORAL
